urlid,label
5865,0.8611592262450366
782,0.20892707316294454
6962,0.3664331910938418
7640,0.15221196810508023
3589,0.48192279621066836
6719,0.37090731109884784
3905,0.3375646828152414
9841,0.9512418231764003
7447,0.22761687621217364
4776,0.31349749969857665
2879,0.5549805552502459
2620,0.5028673024055547
10479,0.15618532004944308
1105,0.2679282937699928
1849,0.4751478585998164
8286,0.5152091739282785
8344,0.8971853371936397
10486,0.9395287720701351
8661,0.9693810866594988
7188,0.29589913750586033
1433,0.9691310807879431
677,0.7247816951083783
469,0.8311140108505861
6988,0.14740887934300054
8024,0.15178843320107158
6896,0.3007924772914536
9154,0.3103249958739121
342,0.5908349845482977
50,0.27308039886734425
983,0.1258975116041045
6933,0.27803676189458815
8271,0.17349707969749695
5602,0.25700152660373976
4505,0.25698374003627195
4966,0.9184068738952276
2390,0.2362909341528572
6736,0.47710388586097624
4660,0.903491980254127
7560,0.8311235168269681
3840,0.5250660134822004
5823,0.8185530666527489
5789,0.9443125327804408
1595,0.1903984920200024
6770,0.691643623162647
3522,0.8790821850248467
5584,0.8216223241832229
8323,0.8427457726460392
3862,0.5672031642257113
373,0.2856130778460167
7345,0.28597698596541765
7708,0.897990799607971
1398,0.8403034091510452
4298,0.26193728701518515
7467,0.10740624691232457
1878,0.8055617611300956
1832,0.29208260049656376
625,0.3729172682474404
7438,0.2169192876897623
9961,0.9078471277589895
7117,0.2239182034637216
8190,0.2449773489663077
1713,0.6821499163919624
949,0.22810766033551066
9246,0.1797231415041939
2326,0.2428662833358718
8942,0.19715027183511316
4458,0.5559409245523999
4659,0.44774992818089676
9522,0.2500704381503328
2497,0.8230994558917346
9836,0.36931479049270305
3808,0.9122606911424793
5575,0.8999666161721751
5714,0.3561428895861373
2490,0.7872194499562998
6812,0.37327951502844353
4335,0.15908422645353482
10014,0.9461849023245579
5889,0.7588695728943445
482,0.9034904703507078
8082,0.13614169038070156
5856,0.8899137034082266
8866,0.431601477415133
2624,0.9461744868856818
1371,0.814102216313742
4436,0.1768659298354623
2972,0.9254410075432994
3638,0.7739233110229465
6249,0.5154731084874393
7602,0.18820330394213827
9624,0.9448335952484165
7567,0.2757312923334318
6578,0.29858882957002725
7590,0.7294108630278413
8590,0.8520616263007184
10520,0.7440949439121747
1906,0.4108230934683812
1373,0.2551508488845899
1601,0.9055285753548047
4754,0.2681121577168401
8208,0.23289275704013873
1658,0.9219992254564237
1352,0.9517978155076406
8143,0.8582560630415577
7760,0.5956607632718883
7836,0.49359147014035765
9769,0.3244358809247157
503,0.7003211951131204
4909,0.19308071210963257
7162,0.2647386476552753
10035,0.6241973795741101
1992,0.5153717379670357
6133,0.26435402050433865
8519,0.2781588581390315
1879,0.4237355721468029
7107,0.40567704831634777
1225,0.5899540431411127
2451,0.7170796469344813
8252,0.14684621107719337
9214,0.6681260935900344
4850,0.9328950282133867
5891,0.1472068645834642
5274,0.36622746293740105
8623,0.08450759813162156
562,0.8586698812458605
860,0.2684379071979236
4199,0.889950170913848
7616,0.2652199416675082
10544,0.40215219605020047
1567,0.8995861888288675
6552,0.2471312324104096
954,0.20802665769806125
111,0.3301515771293694
7036,0.6622306238748287
1995,0.9329622921843493
7095,0.2831590869135639
10180,0.5672646747692153
6872,0.8957742007969418
4805,0.9188425311487504
355,0.7554356506216042
8097,0.9453711024359222
9271,0.9028536704249984
431,0.36443959473651066
1646,0.5274697696695563
143,0.9388867797738684
3436,0.23707405658636355
150,0.6389970951439561
9745,0.19355487970335009
715,0.2750995134549908
578,0.28141252408012646
8684,0.8888677370167629
1186,0.7945174991962026
9115,0.4521369523634068
9239,0.1640508671015805
5461,0.9580580089756466
5424,0.5661447191329091
1349,0.9230951507957169
609,0.8730018654764932
7569,0.3138434755547337
1622,0.4536502505826787
6541,0.1335508857736793
9873,0.8623237008475897
305,0.21161579747702355
6041,0.36430735683810794
5360,0.3861918849019519
8445,0.8196975526379152
7260,0.2931533073307051
4526,0.9297936204060617
138,0.49911552888222793
168,0.21240764232841902
7888,0.8552201455454953
4639,0.8069847773020505
867,0.28135919319124036
9673,0.9800874411865825
710,0.33040534055798354
4749,0.23169177823843196
4716,0.1147698846329512
410,0.8729121075550736
2155,0.9398400371806646
3289,0.3845969944860268
7774,0.32237022157081024
1200,0.31496147889567294
9057,0.3719006830340174
2261,0.2133894679007984
9612,0.28224336059284144
4987,0.4860951491482574
3605,0.9117464753390887
5068,0.9115179853032259
4474,0.9115326832718142
5831,0.8205578918920239
4729,0.2916292889759664
10060,0.4589018383393686
6895,0.23406565086445066
3791,0.924366567945084
7910,0.18850225837416268
4209,0.13508985816385807
4984,0.8327318867015977
1773,0.2615322885195915
2101,0.26652009475823624
7251,0.18412929653784887
2887,0.4099162186378027
875,0.5033783468656531
8185,0.2556716653703527
9688,0.9375181795052607
5342,0.19765185975630983
6802,0.5478763747396078
3077,0.3686620834985544
712,0.19922659316943117
3026,0.4329693238797366
2640,0.33195143467228955
4872,0.47902934438565553
3334,0.9151135129097838
2431,0.4181926944821155
9218,0.28009063689405955
7417,0.7212461971548092
3563,0.956113088774671
1006,0.3572801000987363
8940,0.29320313821098404
7703,0.1268869053677836
2686,0.19603087435003838
8159,0.9726076581489768
37,0.302991581005072
65,0.23380543035755544
1910,0.37100126594359917
2202,0.9275691491487882
9717,0.8476582500071834
2388,0.8353887435543402
2365,0.29384025900180555
5072,0.46374718961740374
4614,0.20527631327808354
6955,0.4437490327399626
4094,0.20239009761054505
3319,0.9437396417488305
1456,0.9394680855571546
5381,0.8492710401202822
4479,0.5576626556287317
4766,0.22778102115443735
6076,0.8198994687661971
8064,0.4129171547030462
3416,0.9590123991325624
4892,0.24385865018772412
9942,0.9178578932368916
9215,0.4646431338793086
4506,0.7533461224916902
9275,0.39733681468129345
1306,0.9184178019920215
6828,0.9374703185109191
8368,0.601415316601594
7205,0.13657565351832662
360,0.8502779981074943
3386,0.25613421763458666
3835,0.5298762411861104
1305,0.20225639667922227
7963,0.1597652402240362
2073,0.4784831045577023
4230,0.3692464425477852
9012,0.16581181477877152
2723,0.9400977203218848
6788,0.9044856457355013
7945,0.19692899938131728
4868,0.9111935367610986
6597,0.487330650202788
7323,0.11956691260053495
6229,0.25693124494673597
3427,0.46604213721160054
7727,0.21936591001396896
4707,0.9474101629050925
2547,0.8002102358426216
4523,0.9486417065283475
9648,0.2540224399521753
1084,0.1778715265131552
3327,0.9316141571058788
5591,0.19989505116178574
186,0.14793476707257705
2938,0.3425023282873369
9912,0.870781171774548
6047,0.3607830707902237
2417,0.7877436124582148
10533,0.20547818390901487
1137,0.386534711712988
1533,0.9250960629367242
9233,0.46670514063867874
43,0.1282932098397429
8986,0.23869147670088836
6000,0.955418297870782
480,0.2702922044283478
2457,0.4188218083728734
5362,0.20425033956084837
7722,0.35987814107119265
7940,0.7789015852731019
6104,0.9049606532034271
8853,0.12165919650079314
5813,0.734972846388124
4769,0.3097183861236408
2544,0.54405909965232
6379,0.16960994593642956
5262,0.15908255754599884
9885,0.22174192723575967
10081,0.3138792348596308
1315,0.33819490814241326
3388,0.1412340368135199
3473,0.8687701487475343
2117,0.47327525227502054
9411,0.3107953356938023
9379,0.9585267475030597
4236,0.20416900746963368
2049,0.12869815416305896
4786,0.3025858548852368
1604,0.2840654820205156
7659,0.21023635867777776
8152,0.22719545339425895
5417,0.29705964091459597
160,0.22888015286255928
6826,0.9050256598328265
1815,0.43237799778775626
3647,0.6971004875665351
5605,0.23564682494724204
3526,0.8933458010393233
3854,0.9069824191220203
1053,0.15025064095438206
2411,0.3451049913290535
6015,0.39702651637471975
2089,0.9591072231998787
7745,0.822860924075039
6816,0.4759466106063303
3934,0.4128127123998648
6547,0.2115074607221236
3758,0.8950901666599331
7158,0.7315768972620699
1584,0.15527065839985832
2982,0.9118472668836598
7679,0.872841812081947
5286,0.9429919460074044
3776,0.7833172376930638
1235,0.5002074670873736
6294,0.6102025413637985
1012,0.691784335878809
10318,0.1252117964296421
7134,0.3164292728685969
5180,0.6842080544515072
2108,0.371363586541228
3639,0.41387092375889634
6729,0.2538840209608888
2472,0.3069414156008709
10235,0.45845575049702114
190,0.870598949074423
4713,0.7176536455798044
6827,0.298894999104759
6108,0.9156826230111608
1114,0.960693124572777
4848,0.3561529874394673
606,0.2962205086405785
1573,0.7166960452593082
8546,0.34928382699687555
5193,0.27497672214094354
2936,0.2548942126412828
5104,0.656591538958658
6712,0.6580506581640013
3055,0.20476425820422808
74,0.9130202780743507
7726,0.6789488796681117
9183,0.39371741842487695
162,0.14869766772002926
7288,0.4371931614054474
8657,0.8407641814014281
1295,0.2333024467028613
8207,0.5606351303112758
4433,0.9026931502379407
590,0.9120728571157192
10549,0.20965390700214392
7749,0.5296238788892106
405,0.9577154178347372
10267,0.8939828469046842
7133,0.3399484451487053
7584,0.6024708981259763
6616,0.823013108244904
1719,0.41826700061358024
9761,0.801334306646814
5859,0.29097373574731455
5662,0.18125036371221528
1736,0.3245574608621092
9333,0.4583085713803502
1102,0.17905619823774022
2790,0.5179633705425647
6598,0.8615779840631329
7995,0.925364876091979
4452,0.8782834261885946
159,0.3176154421848142
511,0.7906445137680008
7006,0.869434871870019
1123,0.8203780948925382
6073,0.3628482033445387
7094,0.15445116035617476
10008,0.33422596851974135
7573,0.1789594528390803
679,0.3211972051293912
6809,0.31310693606036766
1108,0.1595448397175167
380,0.11902788037558022
204,0.14116257824265765
7075,0.2505925540571058
2550,0.5441007726116689
9785,0.31057593067693157
5036,0.4869267592858482
3129,0.3297505611177715
6495,0.8114994894833336
880,0.23815328806200475
2360,0.28768655918797326
7839,0.3016363519021597
350,0.41521730635627196
9151,0.8821589751147703
6650,0.43643993160648675
7208,0.5743156052781542
5840,0.25432986019108555
5997,0.19837014401723893
2103,0.8884112043513106
713,0.5884898169916687
7771,0.2847962994248497
10255,0.3291166960368672
3944,0.9876129153767789
4250,0.25513609481178806
2833,0.22616739921106155
3052,0.3246349165078005
7855,0.9736360109234067
4152,0.27526575304071077
4445,0.8838986823353686
10036,0.6986568234525183
9727,0.2999957555451018
2234,0.2663240558502055
9632,0.9115604733566952
626,0.25848623079704625
1644,0.19449874683829796
4859,0.9455938538986084
3987,0.20861275707947954
5884,0.9651205679737567
4112,0.78915306838
10392,0.11636001607577955
2962,0.24986831803892523
21,0.3228546656547127
8524,0.9339726818477315
2543,0.3026328787606708
663,0.314888227540493
2748,0.7182205755045417
3451,0.26131433993197445
964,0.884386540659831
10560,0.643626297073125
2428,0.31677676379718983
4520,0.292371355196721
7660,0.7991918199791136
6583,0.5037784735628263
10390,0.2832265956134334
688,0.15939182353415657
7957,0.8767970750999444
3356,0.7148149869727559
1766,0.2699279221064994
9128,0.4521614239651842
2340,0.28737331837916097
9421,0.21200717704772745
7712,0.45229785881257223
8200,0.11772569836026744
8762,0.24077537195889795
6446,0.46416451544908227
5194,0.12416837312473925
960,0.39161673800569563
779,0.9636777751494167
3584,0.38753681016927183
3011,0.32402370960482635
2769,0.3091466796266094
1392,0.4274174524931848
7254,0.9384373623245235
9084,0.4417389189845973
9622,0.28486979731358947
3665,0.26935070435383046
1609,0.2399589043474054
6130,0.2365038386147218
10155,0.19348425629667487
7826,0.8993814634374323
8300,0.39983428736474924
5038,0.5567563949852385
7582,0.7559293223154553
9561,0.1591883812327633
7430,0.7947486484116622
5045,0.7403903837761622
10421,0.19573351068173062
5675,0.28768991691877477
4687,0.25686212215085424
4944,0.8794342648871102
5105,0.9038175412174437
148,0.33310069302700973
6371,0.154876414380532
8108,0.3086587013159043
4354,0.373830143483478
6077,0.7547516570732425
4292,0.5028673024055547
10068,0.4092337865443337
5821,0.36664725602388987
1042,0.825779737239276
7715,0.2741358853205978
9703,0.2535865454365696
2761,0.3511773825708908
7002,0.21113952287455215
7313,0.46687189382860844
9050,0.270168058471017
5518,0.24345323197064483
10556,0.842522134859961
1078,0.15915492310062862
9699,0.48913254543609214
10445,0.8892794686347641
8748,0.6843690329148675
2960,0.3026358504349471
4317,0.2364676966872969
939,0.161501348808883
8423,0.22688475677889194
5196,0.19234831776825778
8151,0.25448817058274076
7199,0.9161407442996043
1574,0.3372476784103629
8566,0.35467336298223023
7389,0.30672144862703915
1177,0.38362867901941233
10282,0.6943758127491245
10098,0.5925354623324914
4512,0.3181937342560392
4055,0.8978146522662777
8431,0.6517274559100278
4532,0.3838256917024713
10450,0.229370329427488
5754,0.8060849897824619
1882,0.8858825161457019
1563,0.9058530891393535
4871,0.9037405723701424
8440,0.3375093478108595
3253,0.7112435938866308
8270,0.3472847705000338
4610,0.169733962030804
9619,0.2445787517506928
8786,0.1354756514669964
2889,0.8526376338569317
9781,0.266556755857058
5061,0.2702708923642313
7059,0.9414118561211782
2064,0.9364522647163934
1587,0.4679534777606286
1934,0.9358346981550624
5516,0.25056378739378726
9853,0.3311809531847466
7867,0.3676436525062148
1556,0.5554034148488527
5495,0.35571541886192165
4274,0.1984809851481259
8177,0.3187777404391557
9491,0.9379557375344363
9813,0.2639780579970505
2205,0.22834950440145743
2710,0.467927518324542
2992,0.22736714182653883
7998,0.2906791892961618
6428,0.5674107353027411
6638,0.2716939747406889
3035,0.6546740787582848
1578,0.32935473501484197
1324,0.5492588854701937
2316,0.9327080678240177
9326,0.3778056298917886
7359,0.9151523967048701
7741,0.6076063381376569
5143,0.21206764745252157
8196,0.5572690769033097
630,0.18579392205420928
8481,0.8690732989953849
8497,0.22319164152160562
5409,0.8467758231666871
5749,0.3757451017090252
8219,0.663146091286184
9571,0.8345559097951323
4886,0.9048429379632944
5367,0.27479427396863826
1185,0.30218508480227796
8291,0.30631659057915894
1590,0.3684173110932305
7698,0.35804075842184735
51,0.4606821058812778
8784,0.21329084005784
3928,0.22594762750105432
5987,0.1623516361710106
7008,0.926052015635652
7482,0.878274313495616
9374,0.17768846829338916
1296,0.5826863329193837
10289,0.875469740754191
2986,0.233862003075245
4651,0.21904863195481344
8594,0.4326618284247252
7469,0.7633160581747417
2871,0.2503427715616593
1903,0.9483461063949163
8571,0.9346832752969724
4832,0.8840889641369697
1242,0.5281814032357437
7115,0.3186655396889681
3599,0.3828536671465419
2065,0.4026748412460797
4529,0.3397851754086688
763,0.3667423064800317
6698,0.9403050352755457
2002,0.9522708421429578
2020,0.796541911603206
5229,0.3896150854014812
8243,0.2580390565115037
6936,0.8300436853852583
9360,0.9694781527556561
4360,0.2575759789974767
7951,0.25994061322260337
6701,0.533524889764476
7574,0.9533793460929451
2426,0.2074506263611091
1681,0.9236077767460381
7135,0.3578441512087753
3688,0.22795681311911234
3872,0.335664290592401
558,0.13887455508303753
2228,0.5778121981158181
8170,0.3130367463240937
7171,0.28846845735592513
7756,0.1914180600967655
3609,0.22013329451261626
3985,0.3679161860191467
1139,0.25497547230695894
3453,0.6341749075920885
7583,0.2826283588650741
9788,0.8936971539069251
10175,0.6523526109588244
6059,0.22636244719651086
104,0.23256809731868391
10168,0.28530055925193204
8902,0.9345059860368958
5343,0.9484885855290957
4239,0.17203078170902672
6767,0.4263851293137504
6269,0.21005386739179654
6682,0.23000449867767808
9558,0.27976411020912806
2416,0.35539649497632037
6592,0.26401469629353064
6196,0.3012242704642456
2751,0.9659189737280474
3412,0.8234063125952493
8302,0.8498538023891845
1120,0.6723284685424461
8005,0.15840370781606905
6637,0.2822112043838218
6440,0.2965820042736293
6679,0.9195562392288067
8039,0.9193364642002928
5357,0.9055366878997834
8844,0.8771167994958846
2964,0.2158844035245602
6040,0.23477450491556437
7259,0.6938138937869293
8974,0.6345261308091255
7439,0.1191132388338596
1045,0.14970686429847815
7706,0.23466517789118668
9724,0.2085667979019904
3698,0.25918628765578694
7339,0.9337021918016291
1749,0.197403635866214
7257,0.23867008053013025
2963,0.9361442270791679
7775,0.34799259980335584
10501,0.2235983822035002
4258,0.9267867716424739
7908,0.9630477169610215
722,0.40922094268186177
6519,0.4437931871134827
6916,0.3335349343876816
4456,0.9707269445112705
2731,0.3837538070655486
917,0.8245881934423098
4107,0.4334807935047751
7894,0.5009143129660054
2540,0.15187924315795515
8455,0.9134859850410156
10406,0.942397742663531
8909,0.21970743694320505
5489,0.2582868802735767
306,0.9452487222389105
3894,0.2751709064019272
2735,0.210589407751583
4939,0.43135546955557486
1551,0.5864468261146787
777,0.580453221691352
2160,0.9112877369083762
8599,0.9066588211372724
2727,0.23239457211923487
6362,0.26617881222838696
1417,0.9029984525989745
10343,0.12217983841944026
4866,0.9365299253305656
2682,0.39609639008097963
9856,0.13509917343257902
4498,0.29515978751311533
7450,0.1818476631338238
6899,0.2740198208288419
5649,0.8936078194595092
6086,0.3184506228044538
1618,0.18688523672730575
9926,0.1516580520241371
2847,0.23623320463443698
8099,0.635972675529791
5724,0.3412487379379886
3358,0.1738399011136309
8136,0.2670054363885443
955,0.4669670647186545
8819,0.2221677961530697
5832,0.6808271784047584
10413,0.9782352211346028
6548,0.18434517400628345
8407,0.42044525116247233
10090,0.2826644684601537
8564,0.3811508583996106
808,0.8771760678573035
5303,0.22823419002346698
8913,0.8393766383957184
9425,0.8949936760895503
9543,0.9554458885211221
1219,0.5760448925246064
9575,0.8360251258243987
4019,0.5548163442207598
6223,0.9311578609070156
9588,0.1799484762079494
4739,0.24371271503860914
10492,0.7849783737246157
2017,0.3691423491586842
5524,0.9166005697762143
7449,0.8969692116946986
5734,0.22798836030853917
5456,0.25139637599238857
797,0.6096084404555147
5525,0.3219219935267371
8265,0.30413693234925476
1981,0.9544612187891003
8977,0.8820630865554824
6241,0.9232939390798967
6021,0.5868189732408048
7720,0.3426331736683914
8632,0.25637034005515813
6705,0.29123727138373323
2476,0.8024691666892113
3510,0.24574402521193642
8887,0.587847367208162
10115,0.3146402360336532
9061,0.26192855292553835
5570,0.3068312012212257
2763,0.64481823970952
1437,0.6368450117446814
3448,0.19450633457838323
3529,0.14056088163123986
3156,0.18832249017482827
4604,0.906635518195552
6776,0.6602726887044463
10227,0.3720270725524093
1545,0.4947477200299005
10487,0.24561271577682992
993,0.33008484279283745
1161,0.95497624298749
7975,0.9004140796409358
1591,0.18009943425238456
7804,0.9145650670202787
5048,0.29153541319204634
10454,0.9332767853587767
3567,0.27676260937665925
5886,0.4990408433197155
9937,0.31715291591354555
3931,0.5583293889739369
9706,0.9488212183699187
10193,0.4963608528439021
5569,0.943708145356683
9747,0.33596238735556727
2217,0.9370909512569999
5936,0.1751375796296928
3885,0.7859823802245077
1086,0.2784449455216634
1799,0.4878691643395097
9763,0.6278440014087088
3299,0.21813734258828163
8268,0.9237766748457875
473,0.12064201419159096
337,0.8790798900813098
9381,0.7356392914258488
6426,0.39255995920177267
1210,0.34870608033416134
4986,0.7448807104450756
8285,0.39227521658183057
2024,0.5722024595885439
245,0.9177141816218066
4807,0.33066137801473683
2208,0.599794987828841
9835,0.2271692794378451
8963,0.5166217991465762
9946,0.35264055077150086
5230,0.19978189194176293
2788,0.2905527435991858
674,0.5682268600892626
1629,0.8405871826153761
2300,0.3845412692180395
169,0.2163012154706954
3575,0.9474008719822468
6910,0.4264789688438489
1479,0.2758674571977778
10498,0.6270334788270763
8062,0.682419779323743
9672,0.29021127791682305
9467,0.3877147373784526
6763,0.5721016932268214
8508,0.21458296317471517
1034,0.41476273456696444
3756,0.21456926396558954
9263,0.35395793688324984
8141,0.25137250389900995
532,0.975142607215728
7022,0.23915504063622814
4024,0.283351901376701
3298,0.3364177900254808
5641,0.19790494139689016
10455,0.2104389874604056
5206,0.9515511890371526
7005,0.2368688920641575
8971,0.17294172902933933
8358,0.7561307825394992
257,0.19643341028013508
78,0.8763484476239088
6333,0.48101957578537374
7969,0.18316876058698225
2505,0.5197137124907789
2004,0.8011213906863376
3748,0.5118377551361043
5668,0.5189674997737607
365,0.145805682806456
9651,0.383130078161855
2324,0.14385330427700452
3902,0.21409949955064453
9294,0.2350352545301035
5377,0.30758749445808253
2817,0.9476946413299799
7670,0.12893961131001247
4755,0.8771472403941771
255,0.934007831665309
2714,0.5457184105883753
2922,0.3362041928218007
5517,0.6750631927674123
5157,0.8249555491328692
64,0.1418304464170455
5300,0.24886698384407113
451,0.19958853010211255
3941,0.7977840628143147
326,0.29683763334606883
3757,0.19171556266809395
8798,0.45440416706135595
2315,0.9847956826556583
6755,0.9780212849876405
2916,0.512697271756241
7406,0.47052870860276097
3703,0.8580562495478566
5403,0.395481873739271
622,0.274346549619582
9,0.24491293804010655
5848,0.5462864669833181
8670,0.28100901159288544
1156,0.16197757214143674
10179,0.18197267749614737
2028,0.9206010056568995
3924,0.78008234591873
620,0.14818880465354667
1963,0.7667713491708605
4537,0.3828180524518312
8970,0.31912103243779816
3024,0.9517213717273679
6140,0.886678491674069
1866,0.2338785964464144
4442,0.9205333527263029
2312,0.38241812501862654
6749,0.43319671610258065
459,0.6346340777740018
1516,0.6548804894982725
8817,0.322705118703739
4912,0.1371969750045608
2076,0.34919444871406896
10023,0.8709784564820251
7684,0.21787280968915948
3531,0.2975791612808191
6209,0.620530133211283
10508,0.9712368501167324
8678,0.6343551297033184
3541,0.40301313850416354
1208,0.7094661474339918
4090,0.6992554280916052
1097,0.2206017247245761
5099,0.8276326996303286
2816,0.4242467271185461
4291,0.4668397315219782
1409,0.672913588175186
6401,0.23264578071349587
4617,0.7152469182104554
6111,0.1938173671932764
6172,0.9598556603714388
10357,0.19881255753475274
8465,0.9369811727547299
3867,0.20595472563893175
9495,0.8954243925412382
4348,0.49525033339039876
7879,0.5068457084573569
9273,0.6948918413502496
3252,0.2817563158285801
9167,0.5833132735081618
2573,0.2693736018565885
7395,0.8076322680895798
9046,0.19383184999635253
1526,0.3175115517286196
9339,0.17414393687491708
10301,0.93436910266804
7588,0.6843813102272909
1104,0.08689410770787612
1310,0.19016808343050146
6631,0.1517791771561263
10475,0.1627241322600656
9090,0.2678106253664754
1528,0.25651846070927004
1657,0.8624431538000786
1175,0.1941055961006537
1895,0.21901701293259937
3864,0.3425994856972849
4700,0.24256819469479995
3572,0.4116766438787349
10507,0.34727332494868673
269,0.4637321204041006
5744,0.672321869332951
1687,0.2237156872659164
3020,0.4461523689294231
4974,0.9283322731191087
5119,0.5778809600347358
1916,0.7966821130478664
6687,0.9455625091174881
2197,0.6218449075574521
8641,0.16302259448497494
10073,0.886461450271339
1967,0.2602166078149898
4999,0.2967475025982096
9816,0.2284016370667067
734,0.9166444608694808
9665,0.4055331629961986
5092,0.942331673122784
2591,0.899357511989483
9877,0.8574624904262009
4601,0.9611273236991643
7734,0.23568774258505415
7185,0.7910966598382195
6405,0.5231201474580085
7003,0.33530107146698573
928,0.21866136711769277
6490,0.4001111999320094
1586,0.20782243286157617
10139,0.880959185820212
1192,0.4198222819006852
10526,0.1784723869767703
5544,0.8637698618799701
8779,0.29199479479444124
4497,0.44786348143911314
3059,0.924872293458529
2181,0.33606998603659327
2303,0.30332231947044325
1190,0.6847287106717843
1468,0.14912499593718898
8771,0.3457758288523021
8997,0.7486838227298823
6365,0.6675643348526374
10355,0.2826067028360991
3478,0.2547867914318366
3764,0.16652597104876699
3542,0.21662386670623696
4941,0.32566490254557456
1840,0.7059903142911522
463,0.17846488936930854
7407,0.3609020357972142
7711,0.6156085654723866
6044,0.20691917179280325
3750,0.9380626000440622
10114,0.17449204121819636
1332,0.7191393129720518
425,0.9258476265203118
3479,0.9315212442523442
1979,0.7634738608171454
2994,0.6652712661137838
207,0.3958706504349823
5820,0.9516835661852602
9187,0.4586802014412208
5423,0.9040206457345723
2743,0.16493723215099232
2902,0.9252236185212124
9126,0.9239219687289929
7903,0.5454407646237138
4100,0.5309682591171809
3578,0.5527363360276568
6061,0.3710903558224602
5081,0.246867731884444
4575,0.15806892116082463
6695,0.7932137616424244
5960,0.1239357907065115
10186,0.19854982589104442
6795,0.373275372190279
10022,0.2954419525266812
5841,0.6387785036635985
7481,0.30274979673054603
9331,0.4127485203406304
400,0.9274725154937769
6907,0.43172422418940476
10393,0.8318318695859271
3709,0.8676113457063979
4726,0.9149075685002745
3007,0.2464027031332023
4723,0.2620496734009653
597,0.18969770064734762
1810,0.7827531544856831
4131,0.3813005453927828
4697,0.7161670350449437
8838,0.800210320881328
5956,0.19572499198598847
4196,0.7237993414285019
63,0.9104034755368282
1714,0.2828479870581653
904,0.3679808661217214
9715,0.8879471456555377
4,0.3452292646271866
5462,0.504231955846355
259,0.17890481375425407
5418,0.205674794722186
6849,0.24042810441826298
9893,0.2844650798806126
10003,0.906118333124606
4976,0.2172951968183354
7611,0.9403659647520071
900,0.217783680661753
3746,0.5556544599228531
3893,0.24388664164031307
2966,0.11511552664282272
9667,0.855238217037759
9734,0.3240524234040666
8123,0.2890404283662685
8470,0.93804049551413
4058,0.33329541584082645
4623,0.9234825525171605
3782,0.1965688762720869
7966,0.4720566015147162
6003,0.5560855784486101
2168,0.551266936643846
422,0.306789642678757
6381,0.4164750871258928
1136,0.6102334062898477
3443,0.5897952818543306
2214,0.5059297979092345
9973,0.936437619305835
1593,0.44399942390755165
5474,0.4657522263903718
812,0.9709864747894671
4703,0.15317655758844598
4294,0.9146533600841774
10021,0.14474788735159963
395,0.30232868659308393
3237,0.6200332123513345
9099,0.24026063298422878
2401,0.10300366866799339
10371,0.2822479475899486
3420,0.7937569202962396
3460,0.8779995801213083
9088,0.4477438229225455
5995,0.930669322021886
3084,0.93210762170487
3595,0.33431722400167213
9524,0.9356859004168171
167,0.25350000229739966
9743,0.8996896300644552
6109,0.33545578193250175
433,0.19780050459637313
6292,0.27404387031430644
8125,0.35520370259434364
4035,0.356115871297628
2929,0.6899637520042466
8810,0.9455176471171411
4403,0.19726778424241836
3925,0.8462961455734165
1290,0.7012051985035848
3689,0.8562040622767548
6709,0.15028211840868375
8021,0.4518160658361365
6237,0.9031149961176035
1453,0.3845615800760394
7340,0.2419542625400627
6078,0.5817260387335901
2369,0.14091761648499862
1781,0.2900162265951169
3830,0.9374136130737241
7625,0.33747639245800964
8150,0.24136086623984623
1680,0.4073013012839378
7077,0.1988878675443492
3360,0.6287716966326625
7927,0.8942861305504294
244,0.21460973810024955
8107,0.7641034914316456
820,0.9227873505454766
5915,0.9360100310214033
924,0.2714358836239207
9207,0.6569987821820678
4077,0.8642818481261423
6052,0.5944079934948971
508,0.9097858464736546
8105,0.2798615381324024
4405,0.21130370950547725
7558,0.22554592504660367
6094,0.8659731673039004
484,0.8431016660468805
8927,0.32165679245082035
310,0.26284051160152605
8075,0.6807652513890142
1094,0.26749399716092986
3211,0.412287795188905
1700,0.9265570555489495
4816,0.4450354440838881
9354,0.6717434517665088
8845,0.5080473481484963
7530,0.8724492679847351
1520,0.31856455622456625
1087,0.8586000126964274
5786,0.5312393874715271
6847,0.6848024741036907
999,0.44430383585462147
5308,0.5247385752905133
6569,0.8469801998793941
10200,0.2188889160285548
5868,0.8146346820681946
1757,0.26324331264707346
4625,0.875407118906855
2955,0.7962178797202524
6187,0.9484341737839243
9931,0.8329724838918428
4883,0.4749164524152206
2488,0.8259542442138239
156,0.8832505452257816
2820,0.4138870692450271
1311,0.34527016508577224
1517,0.40407332902650733
3640,0.23186039224829938
5763,0.16368665205796412
6689,0.5253667500228143
1193,0.3947914742328593
8217,0.7398097060499496
10327,0.5291482237414423
5042,0.4432783737025358
6903,0.2507211746842021
2068,0.8577179277879772
7614,0.3437581688890892
8842,0.16579317697453097
2445,0.39329049090839013
10276,0.3403701824640851
4931,0.33089170984917105
6842,0.5392802476976439
5927,0.2806801251831806
6207,0.3256912097659922
4539,0.3450032153417838
8721,0.3269884842305678
3618,0.2543513891219859
2580,0.20292601055048604
5321,0.8184075601778334
3181,0.337827843018545
4742,0.34817953006386765
3340,0.7220383426625939
8310,0.8898793799350283
3948,0.5205615542164908
2126,0.8123250701518848
10436,0.3397324207077332
9635,0.9277594553221847
9022,0.17887449242306075
8576,0.13241987129655294
2522,0.17281106396880844
7341,0.8327740712064563
7377,0.9046612217870106
7636,0.36819778155232874
2536,0.8570196474655615
2706,0.8642513030080986
4814,0.3821394383720015
6032,0.31646435486911767
2630,0.44728266677598194
1857,0.4382884190281704
5412,0.9451015768683272
1957,0.22617557469028937
9805,0.2726142393239248
9256,0.3546837774456138
1055,0.8335950256305031
8439,0.5453732554659573
317,0.43378502737654856
6126,0.1678535908495718
9970,0.4408733252486363
6008,0.27344192933181466
2811,0.2771204859250185
10214,0.23262995380512505
10337,0.15867657707920832
6563,0.3075451337121261
5611,0.9395888889634735
6358,0.28160341409530404
8446,0.26269350237509564
974,0.39118091352157247
4839,0.2662869986360062
4806,0.8122767419328369
4597,0.26409686065645627
4649,0.2605456198653561
7744,0.9412453603457753
5826,0.5052168080490328
6118,0.29533808010189966
6785,0.2287467607487362
301,0.8785467291874955
3192,0.8966426037168591
9854,0.6606065902378894
9227,0.9126225840653301
4768,0.23589838575530514
2961,0.2379688002402401
4564,0.15642165294655694
2484,0.27431934671311464
1606,0.1308947674419614
2864,0.13967299587122706
2884,0.23647059741049936
2753,0.18743517387825523
4366,0.47736105761890196
2470,0.40860101566723883
6369,0.3148887399187724
2754,0.24097483056747773
2501,0.1872992708688476
8890,0.13250973130929075
2093,0.8783561055516355
4937,0.34440108309564077
2850,0.3286877997820737
3706,0.16211344069057998
6645,0.8734127861387395
5799,0.7755139784264482
4229,0.9224659417861713
4900,0.30034258114978113
7883,0.2621227354673731
4629,0.9479265562910569
6459,0.6805401975059623
10381,0.9201189379390311
220,0.8493522870882085
761,0.4623414126983103
4264,0.9361795873685985
6633,0.5470539905771042
1424,0.9542662898511096
7017,0.28659357256084494
6901,0.34601529612161214
7126,0.22797481509805884
881,0.521420603998594
6382,0.38961889045323217
7502,0.45483085071383184
1911,0.7470550309450992
3076,0.3432192699585955
9281,0.24369613567326218
1534,0.7031295889079553
8378,0.20515707349865042
4717,0.8810375345346677
7012,0.9746161058995049
9028,0.43052182093215846
5407,0.5909578974821645
274,0.5572745822834929
9465,0.6575796177480068
5164,0.31390506905618687
937,0.4025233709841794
5264,0.9289346847122648
8051,0.36430226006501465
10304,0.39376102592654505
2403,0.20625642157446678
1697,0.8710608396017762
8142,0.21550080305426017
3734,0.17626822055413713
8487,0.24029750315665468
5123,0.9460901499270509
8726,0.27444463531401714
2336,0.8263477632135444
7376,0.13844673752789766
2793,0.37781402059187225
1998,0.2131111051525379
319,0.9135473926655628
6783,0.19388782724635595
6911,0.8407627163449234
3078,0.9335798209113412
3310,0.8771780577394604
4790,0.8370677552414931
2712,0.4369926706737534
2968,0.9340909400866215
7777,0.6584648338413868
10442,0.3768635739686486
1654,0.4422436116720162
10438,0.4732401910010736
4509,0.3270003066337677
3963,0.19627026144708337
5043,0.2529980737044227
5421,0.9563311574504285
6465,0.26265054168513
8034,0.8585971954271514
806,0.6073478314945723
1090,0.2974634496902532
1566,0.49090015537100795
10187,0.5172376014618661
2634,0.9479164564677247
569,0.8557685877932492
135,0.21959620640043165
3732,0.8254097910345676
6247,0.8013844530370935
10466,0.25352452278144905
8429,0.3083012639931984
6725,0.2401518607678573
6128,0.20420869854548884
8496,0.2735432971608729
2433,0.8460325643417506
5552,0.9345321702305633
7122,0.5466354639595647
376,0.11020218604549213
796,0.4057897501436276
6121,0.4861860827816648
8960,0.6785555904820152
5686,0.2348885206365978
2213,0.6111899811900634
6602,0.726605162806408
3357,0.8911765888783119
1997,0.26599838345429555
691,0.30655049001205187
4370,0.7768390172828082
9660,0.9618930751821472
7189,0.1306586566386362
6660,0.2787719534227942
2074,0.8873729347894905
5375,0.8933025395755619
1816,0.11804115985174018
9802,0.8792152869980021
7654,0.9524104770049268
3784,0.7902813344963295
9604,0.8950721061879092
6397,0.6074886851310871
7125,0.8467954381458791
1460,0.6296783262383339
5718,0.47914657788311327
5452,0.872858512837199
7064,0.6563064401988494
8272,0.8967335705660895
3620,0.9555994026550696
2772,0.42700057129912294
5150,0.25380227961902585
125,0.28139091585634285
1005,0.1336220348405239
616,0.5699735454414085
9056,0.21831106773116848
3972,0.23831872236258017
746,0.12419763574732373
10286,0.9609176486821972
723,0.6997171198657889
1283,0.5208057332762586
8009,0.7179614036358931
8509,0.3282712465732614
8220,0.5647006943069218
7393,0.912680677001925
8499,0.2769396487434976
3789,0.18137410011471006
9658,0.5368334313126623
8171,0.3147259807161628
1985,0.4111189659338365
733,0.2017395575288068
6706,0.3371644183944965
6282,0.26074518705807415
7243,0.2593519843085235
3995,0.8623972406219157
4375,0.6188534066381156
1647,0.3804682724340777
9306,0.8697378089528176
9272,0.23342665587087286
9464,0.2106248289039109
5340,0.28300574932868244
5475,0.9497472597133835
4911,0.9243242332843822
9315,0.6358466499774312
811,0.2818206176562194
6395,0.46887146264941953
3229,0.29810467173929794
2250,0.6357652953874817
8433,0.7193865483161874
10428,0.37658333179661224
10461,0.4110239079100219
8408,0.8574595614369488
3945,0.7533790334437968
863,0.9293878608552609
4683,0.33827758262761704
1162,0.9509791795088364
9132,0.5150834831510851
1076,0.1637390394823192
7236,0.33242033993554604
3218,0.44290222704583804
6866,0.1315709720943957
4997,0.642353236079676
9121,0.2731963634834442
8696,0.25520559741887827
3313,0.3908715018800001
1421,0.3941835360571086
80,0.33995415890826225
8163,0.45201064338321156
4583,0.9403488363153611
4053,0.19249015526089763
8693,0.2534238171990982
4139,0.29030142114555263
6976,0.4645110928228674
3549,0.5849430242826553
5534,0.20092552615231804
1638,0.8561029461163594
6375,0.8235540609018727
1008,0.6362136955663328
9120,0.8781839716466023
8071,0.5664728660970059
3266,0.9452475093157575
10482,0.9615932178212743
5288,0.16231138535887613
6302,0.4244238334119854
2183,0.2876680356393001
9199,0.21905877015263234
5441,0.19569934159245986
4418,0.2912368959216154
7287,0.5961787470177439
1532,0.7797524942138452
2978,0.4044759030754581
1230,0.36389544439947347
6423,0.862123373235653
9643,0.2801868252500633
5142,0.23526428980406505
9368,0.6836708877205303
6132,0.8136268831232844
9031,0.44675675897891004
4767,0.9563367239521443
844,0.2781117498802093
10296,0.28137915324970325
9045,0.45791899593511115
10469,0.2050906003041891
9223,0.3826492147640972
9340,0.2627107680482696
1226,0.3523750023238069
686,0.5271810086332083
4037,0.9859993289336464
7620,0.36005271784923537
9322,0.7161610103126246
2943,0.21627318389501066
6549,0.3709183259271978
8124,0.24232590466426462
1803,0.884191130035171
8025,0.23533079103072302
368,0.1836977238463042
3660,0.31530864948434517
4943,0.2551077964869427
9143,0.24211561045853158
958,0.7004456150555314
4272,0.4270800650738975
200,0.30060151288445824
7314,0.9573337538939121
7827,0.29985427715771923
252,0.43846201649024147
2242,0.8910062263305922
2804,0.18775702101451935
8802,0.2359105633509898
7645,0.9022963902928322
7228,0.9255144805083527
9200,0.1479227004383196
4738,0.9366694741242371
4513,0.9275853108947424
7999,0.2505129713726972
3938,0.27315194531397524
8127,0.9262945719797051
9265,0.23676496111148407
7353,0.8271980647528082
4772,0.584835479583512
4461,0.18178006143222852
1335,0.40078196734410615
9018,0.7799033728094195
10460,0.9742620770807905
7956,0.23691550261718824
1238,0.25285650184209224
2552,0.8614393803832271
6517,0.6721588908951165
5925,0.8281671788068709
7413,0.25845761145469875
3728,0.188445264965694
1103,0.9153208752670237
3704,0.6944816368490422
8413,0.9105061863943729
4533,0.8120789551385227
5449,0.8342325754702606
7306,0.2972680185495585
1401,0.9317888304542054
7365,0.6812519238943916
8363,0.16740917532791702
3656,0.8344593510228698
5683,0.6153063252422926
1940,0.3581103327489222
8674,0.24742187125612952
6745,0.2126024920054208
4431,0.9607593458533842
2263,0.9265741098430341
7506,0.8110884480333282
4059,0.9118045288462655
4588,0.2966279773426728
8692,0.913111238787633
7258,0.8697418408123335
5448,0.9347169943213154
8865,0.30243970690799044
1119,0.3144948402079332
7642,0.8904107346872429
9981,0.8825906691122709
181,0.8939967696912198
7528,0.5289581900148661
9086,0.8231669634972051
4963,0.2930933658251266
5292,0.2599587985518384
1254,0.5481950281642037
2125,0.7984190886469557
5601,0.9179995071034024
2758,0.8988453397011859
1922,0.43889467969208623
5440,0.3599754410285806
3001,0.6890481609423151
4011,0.3145012469694218
8604,0.581110459249777
2779,0.2809591200906345
1568,0.16345249221027397
10123,0.4901725072637257
9053,0.5181597791271401
8028,0.7779914894850275
82,0.48523562327583886
2845,0.9263471696654016
10221,0.5876717489657063
8598,0.7850110369169182
5011,0.9406836202491082
7401,0.28477577185578445
8687,0.4682605026845061
8767,0.9094405631692123
10046,0.19285472920707708
1920,0.3925028615850419
4364,0.9154604323237717
9395,0.4593790127601557
3602,0.3721637306157583
9038,0.2671839492373322
7786,0.2207288236536999
5106,0.8017126009657306
9337,0.20839906400663458
1575,0.19080254706979494
10291,0.5073783724386138
2965,0.9315312675350939
1478,0.2081066698932421
3625,0.23014866301183828
7329,0.9245711445782449
4116,0.5253255618231917
9136,0.263768687520811
6870,0.9639513558181128
4073,0.8135594488409257
7863,0.3585126879347968
7437,0.20961157340195613
278,0.9299635022170377
1977,0.4329693238797366
8570,0.6457560783669049
6800,0.15910266691191638
8964,0.23904597799849975
7534,0.9329637491977629
6539,0.8853388388857071
645,0.5830610934376471
8223,0.3172157934178004
610,0.3297041093310416
1512,0.8471166805964576
8340,0.8898633614031036
4524,0.2713205612185016
7465,0.3100496423638395
6313,0.3369673944532875
1873,0.2579628129585734
1015,0.8838984486465915
444,0.22011235354533634
4967,0.629613662242626
8988,0.8641422868566677
3199,0.681952471339892
8020,0.94140268795994
6103,0.2646643438758149
362,0.24979014655015871
7325,0.8393842992763719
5730,0.347767318891494
10448,0.9553491415713439
1452,0.33167931980381565
6669,0.5235579959311395
7892,0.6384707912774137
7859,0.9600314500506358
5866,0.896253650532884
2970,0.5322567719431318
9609,0.35632816127687433
893,0.5630433395700094
4176,0.6113767432068945
4280,0.243655958408332
3970,0.23536979086340648
4516,0.13112753317660922
7503,0.5138708234775194
7955,0.8967086243242423
9852,0.7414281254452595
8380,0.8956349192769174
9284,0.9483821451622816
10386,0.21983193785327632
4004,0.5354049802432427
5328,0.2994021093236379
9274,0.9004147197994056
4646,0.44457566040436336
396,0.9260891242343887
5513,0.3669908009165305
4117,0.24178560445453592
3751,0.2346082689660818
9767,0.48216816237873594
1071,0.6163379574378868
7812,0.8331965456676268
5059,0.21045283655111763
2667,0.3027262577473787
9304,0.26099975968528016
10385,0.3169226223871994
7930,0.4167821973144779
5225,0.25028752881385224
9839,0.20545847495329925
2831,0.36721833396635034
2387,0.236451702787359
3433,0.5669994909375519
5101,0.4657462235960469
6357,0.907183489568767
5476,0.39347378676958483
3807,0.9103925861613912
10232,0.24688879395970112
1508,0.47608990730714573
6993,0.7585867920207078
5505,0.2766052531844859
6009,0.3181598683466427
5301,0.73409799274299
6766,0.22245338331771555
2248,0.6183994492739633
8572,0.3297437380308697
852,0.4060392729725231
7871,0.9399059522397938
6926,0.5667095815554791
10220,0.9437710891889523
9007,0.9361631823332022
6990,0.9612379007626048
2012,0.5879254640821062
5645,0.37381563618416835
9091,0.8848695464600916
3797,0.28262237279763697
7201,0.29015393697613634
672,0.8613704957464368
1257,0.8990230686601622
2010,0.2223728938326604
8222,0.897394666659799
9636,0.4143183940952194
2746,0.6547198434770222
2919,0.8082573559028193
5231,0.2604610666671685
5625,0.3386030977270373
10254,0.46494171593075106
2651,0.37831612644174767
1740,0.9246709228016431
3212,0.6274792347874052
10502,0.24608702743591387
7139,0.2887332289729556
7210,0.5182898999334038
10049,0.7519128966411256
1621,0.3287161040471926
2301,0.23156583354874594
5798,0.8854623020813578
3812,0.8970632412172707
6190,0.7002408405724759
5503,0.20640286599958213
9972,0.28404398769287414
5646,0.2749751958361706
2003,0.9218499954765761
1069,0.39762550570743344
9656,0.6481487080033791
279,0.9286264405084823
4328,0.6478150137426207
7105,0.34569417232963595
1643,0.2772611548807339
3108,0.302776565830635
3106,0.28116870449036896
1626,0.21579532438858756
9838,0.1896325786614581
6994,0.4843257274475909
3463,0.13463897048273674
781,0.4516590684341319
4337,0.22347841045452005
1639,0.24401689542663352
416,0.2112412059449798
7687,0.6514276746992629
9610,0.23939395554929804
2519,0.3296246653663381
10210,0.2746313449150481
8633,0.9355059829685373
1276,0.8864544826608269
4764,0.5050896186735622
7674,0.3757775730469519
6550,0.8745838760717972
3853,0.5892053884192807
341,0.09988703501544009
6258,0.15768824742814058
1884,0.6605510311667865
2855,0.11568507858832071
2196,0.26866870440039586
5326,0.6633337176707235
6380,0.17647668748355397
5580,0.20979024757413514
4563,0.2296238498145577
10414,0.7204761140666268
3226,0.836715865246648
3175,0.7634332584625005
9457,0.3297556519977688
1705,0.21663230711000073
5910,0.24654619763753632
375,0.45012026212507683
10333,0.23901410919221408
3852,0.42627363101237054
1971,0.1715759990949553
8720,0.5201376792544093
1860,0.4834412374730085
10349,0.9594997299308743
4605,0.27691101314831823
7358,0.8645179071184276
8258,0.3838056875978571
5678,0.19620053071450091
694,0.8724361109835421
8482,0.2416352480949565
1924,0.3730452078580879
3716,0.8173152243500544
3282,0.2919048029633804
5746,0.19973875387397272
1518,0.2510865019091116
8741,0.1371260862250615
7630,0.3381024036078353
8276,0.1694710832380252
6939,0.47608479682974314
1435,0.7193722831459066
8157,0.3614376608525579
1041,0.3213142434128332
4478,0.7046450614222601
8307,0.19615104994376548
2094,0.9475545264398127
5916,0.47227363535083816
9848,0.9252221660489293
4803,0.36965779033594637
2147,0.17972361421450025
295,0.9297384731801183
861,0.18014033588090816
3822,0.2869077425552517
5609,0.9253747856282677
9450,0.3247063128405243
4122,0.1529987494008241
10558,0.29684414184463537
4285,0.272623950116884
6184,0.8404678297299333
7295,0.2524448457378594
1926,0.9365899105647465
5026,0.13728041156100296
7952,0.9249762911440553
4194,0.14921508865228106
639,0.7431564255825597
2130,0.22430549632017913
3119,0.3104374536395698
3251,0.3085699470201575
5803,0.17797977617726157
9553,0.3538966638709248
5937,0.9357287047291862
2133,0.35186585220557987
693,0.213542905497835
5944,0.46967636902641174
2227,0.48540576087452947
9915,0.13533621094595805
4044,0.6415726784349023
6033,0.20576290535476538
3270,0.8624309586093823
7050,0.3353226749722952
6185,0.5318651615736975
7984,0.5079686834754605
2109,0.8991270370789551
2244,0.38312380609446656
2481,0.1565118255806997
4332,0.9331170377042751
6016,0.4338040652341986
10162,0.678459573198071
2453,0.4955663442548906
6228,0.1681038995571288
6166,0.2791398881343541
1411,0.7257293060304227
254,0.4684141024419874
7479,0.20429745838243943
1476,0.24934803869328845
7801,0.721451545001989
4988,0.258441007543972
4694,0.3073899182040456
10194,0.4760784382632132
2574,0.9039806666820437
8334,0.1557526757038802
419,0.405879412116069
8643,0.9082572751936147
2548,0.3036716905186072
4615,0.9352712489175065
8772,0.3146673326282574
10463,0.8906599671564227
6756,0.43930299938887774
1503,0.9265761461093052
4095,0.20271202923253234
1723,0.8789203046220692
8829,0.279186930722598
10085,0.32671105741706546
4796,0.24369419695543282
9756,0.22270350503814243
2158,0.14570689995828295
7273,0.2915459957579608
3056,0.30148432475436704
656,0.5617875312895981
3074,0.16233046355625944
4661,0.7176306880765287
3958,0.5430201778275968
4311,0.1938463494070759
8375,0.9707830471885204
7442,0.4670106215629225
3839,0.5178794104048621
6179,0.1887882950452393
3786,0.4579427392798924
8520,0.9287700001334175
3664,0.1677120247708899
2014,0.8530215702700417
8298,0.32542506093893053
4220,0.24828524255789639
10127,0.9677393612073079
6182,0.5606997959086
3206,0.8456420878104208
8503,0.9458001553842761
5682,0.7610237341809213
5699,0.15641678239276027
6215,0.8946278806603777
1394,0.16654764229662103
9582,0.5431049047892821
10070,0.9585212193848266
4940,0.9230484327265488
4193,0.19819816840232998
3400,0.6052904626132714
4785,0.23697323702382295
7460,0.8549894431699984
5838,0.3592117658597567
2503,0.2968785470112741
2730,0.8987668570965704
7156,0.2824030746698418
5511,0.9019945711652645
438,0.7320039937484446
2233,0.942592932228181
2016,0.2003685093048394
139,0.4653755400363061
384,0.30086471482589117
2313,0.24986637885111632
5145,0.952540489118788
7864,0.3247010597847903
1195,0.925606408232825
5365,0.15204843337436877
6977,0.25643165702863935
10001,0.3135721648000877
567,0.3009029104747547
9950,0.7149348513591924
157,0.12818250589163607
6553,0.8918958824910331
7337,0.2111349914457689
349,0.3628064049734205
4874,0.4072136627673359
10313,0.7400691494270052
8421,0.5213595051955505
9469,0.24358101134913254
9314,0.8946364996233492
3663,0.1781174945825753
7216,0.16320022587045138
8871,0.29686539861943567
5743,0.9198072313576495
2072,0.5511490058138668
2654,0.12021947891719424
5908,0.30409504280910593
9863,0.16419831466718346
457,0.2487181543876561
6965,0.16327556148278127
3030,0.2912026463236794
7765,0.24727901829547708
748,0.16439780138991864
6304,0.27596947779837555
9606,0.2950638897083584
10351,0.24804698518688348
406,0.7692302459189707
8120,0.16665243787558698
8486,0.8737030055300405
6998,0.9478382838568999
77,0.9015946128299808
841,0.272969944130238
7709,0.1404807831279177
7404,0.929799566107844
5606,0.5316218468387005
965,0.7843595403646206
3163,0.2403015367374586
10192,0.3285001821549559
6163,0.19325771850366474
9865,0.235644681747706
9518,0.20159139916677515
1267,0.21012522507122586
2051,0.9621219365431315
2046,0.2763121669230081
1464,0.9385505644658878
2153,0.11144915045807327
6612,0.4130903947039764
4971,0.4830405849121032
866,0.18810006602078955
4124,0.25977502174779304
5086,0.7283135510784255
4351,0.37603538361937683
8101,0.20499726005743268
7912,0.4241951873913284
2504,0.8367534605186576
2837,0.11492536645015686
2034,0.6249099242770612
4844,0.7783236914962969
7780,0.19061945386206658
5901,0.12041001013254879
3296,0.28230037787088097
7299,0.8659440136032309
8574,0.45296507886404386
7472,0.8952246585405375
2276,0.18451578110328837
5980,0.28455684667024456
3184,0.4362306201574344
4359,0.3869244231397987
1064,0.6305100150072945
9039,0.15146253296741088
6376,0.27043048379173457
1706,0.5129595383670597
7970,0.1603273757906877
3540,0.7424994721601179
1407,0.49307245162425084
4561,0.37984464010935837
6691,0.9355903589542679
7172,0.30496180306764914
1923,0.41257809857693856
4407,0.8807856070712321
6777,0.26151478784444177
2600,0.47381347874982216
1936,0.15603437546265891
9778,0.10602143135166742
2766,0.467498020889714
6668,0.8387234866584802
9013,0.4292733344155448
4319,0.19464221587933733
3263,0.7942564183631844
1612,0.8416068765691206
5132,0.30483636680093923
216,0.9532700254989325
7232,0.41079005888865366
9373,0.24401846260228452
5030,0.5005397847100926
10107,0.6770935777925602
8309,0.822312907608768
8449,0.7715129043327943
6961,0.23309221759014337
4954,0.27464739905865443
7344,0.5967311776272255
8146,0.9350961257792441
1132,0.7485705476699555
6145,0.8520264463011793
1353,0.5783682431883909
3624,0.890543381254308
5058,0.8734044851139575
9789,0.4491260475794872
7290,0.2893387438897134
8583,0.351506915828612
1088,0.8599120926196097
9210,0.618798639142225
8240,0.29861630042518145
3326,0.19777401657847984
6315,0.8325678759281996
8410,0.688990483685834
4535,0.1992213302028612
5991,0.4197412542503559
1874,0.41831907513143474
1898,0.21184017912203382
3557,0.946086817431069
8587,0.8983089793594472
4190,0.227035814502955
7261,0.8139052240279739
6854,0.41896223487448603
9375,0.5287644275070377
6317,0.8626624365119714
7713,0.7599642827006373
7058,0.9432837193536513
7628,0.4414100436528563
3513,0.39370112066523316
7953,0.9469812462177448
3445,0.24236638366453347
8461,0.3902665535576417
2834,0.3201157452692906
3414,0.4999286636505991
9262,0.898150575806707
9235,0.1968972397511658
3146,0.3444169816569712
3379,0.2819045853236271
1701,0.33558146073616074
5527,0.3076281173048841
8031,0.5827830176554835
4032,0.7599565162374647
9782,0.7571804512496533
7656,0.7222965772697644
2985,0.9271215644373183
9334,0.7119732728213104
3343,0.37074036838133123
4760,0.34330600873659706
10311,0.8361602364957639
2609,0.5502802269729132
5117,0.21315924343118994
6724,0.9314402013835579
671,0.9360760955516773
798,0.2952389882666846
2341,0.41303135415487174
4262,0.802705242351686
1950,0.8994753823606384
799,0.9344698652677128
2575,0.826590727276728
660,0.9396438190679888
6432,0.6852087717788299
3168,0.9470912749936862
7435,0.9425698788251642
4010,0.9640979027488904
2882,0.8158869255675566
5930,0.9079916499075587
7716,0.1857985758015612
4054,0.2708814043719726
3148,0.25736090346091717
670,0.3443954902362321
3519,0.33016582628564345
5770,0.17017764910002067
8876,0.628575293093853
8357,0.5624975708399738
1620,0.5874584717474236
8558,0.3602908899102106
6786,0.8113360377165478
3825,0.256300763526806
5857,0.24938150322500377
7685,0.5216004930131475
3947,0.2673154594026317
6449,0.2697339432465786
8636,0.40405464278165076
6046,0.5766441724837951
3205,0.2013637916508285
9435,0.9253520287564738
6865,0.19395477515118317
281,0.9521641484320141
6922,0.16460652329393868
3536,0.2381778537645582
4555,0.254018946732032
5364,0.5126457629956535
2483,0.9131188625122816
3524,0.7403801944719395
3117,0.42862906783358534
1152,0.3499339082884841
3912,0.24251927555499006
1297,0.8161433543688775
2896,0.15106340689315634
5804,0.9142253202027174
5722,0.6762603811665215
189,0.15550820840407553
2376,0.3952900081132957
4635,0.34334786176874393
4801,0.9099008690305482
5972,0.26772393064315264
2461,0.25401772747118
1168,0.1674032925477547
5136,0.6516180199625137
7806,0.6199494949467478
2559,0.5522656537052321
2139,0.5202751355759652
10562,0.4361524001139478
1497,0.36765185440817366
4757,0.5238709902889046
1354,0.3068879705258574
5896,0.9184085763303778
6453,0.1272859392724309
1426,0.31312847386285614
4271,0.2266377591143746
7673,0.7294041304472568
7782,0.2502832412658337
8181,0.393387700609359
1797,0.502957690817408
8615,0.9167513318436803
3097,0.8447102685611089
5306,0.5621933502742414
9633,0.24920889990941436
8700,0.2560089711849511
9876,0.8621972023448372
8045,0.41003165370457506
7750,0.2850159559691336
6370,0.6332095114929971
7093,0.4475435638430936
8018,0.19404500534592445
1118,0.341442375971869
4849,0.8222164495639323
9627,0.2062818274960516
829,0.30446975610873434
4164,0.36207033051265447
1707,0.9333795309128249
6752,0.1418260614099819
6236,0.2675490203320985
4052,0.18498771167097788
5283,0.2996005858077183
2856,0.8393792383374732
4630,0.5277529122008059
9563,0.9445058983695243
6576,0.8389748126954272
5721,0.3243072161015983
4305,0.7895304670315314
8972,0.2645505556431777
1694,0.9050771478366406
3582,0.8831077954300471
3913,0.3017696770480683
470,0.5224720067283097
4195,0.308103139611342
3422,0.25622546000326285
9744,0.3462983835462377
4206,0.23249201871246136
7971,0.6633824393783511
141,0.33741537496039803
1994,0.9605857135438316
1602,0.7676328374729019
1031,0.26010265971197644
9150,0.3832072077448594
8528,0.20371398452388545
7545,0.184755860354277
7448,0.1936765758244025
1821,0.33216759502333437
10075,0.31823003264349964
5242,0.2201907542021707
822,0.1861628607417151
4826,0.30076931223154585
910,0.42675564905864904
10147,0.7024218647864967
2018,0.9026765896802709
8916,0.3111353811657172
4880,0.49492919761285203
184,0.25813314501511186
6081,0.8932009848964721
4281,0.23853346006418788
7418,0.9296734042537441
6054,0.27090602915815
7972,0.5564612033539635
4894,0.8973533291955375
5313,0.7447358562079897
5046,0.2131786800499085
7183,0.4061834404827283
5347,0.21646520803767344
5051,0.6817904338990076
495,0.5327212500274592
5985,0.8716560173256573
1227,0.9325077982601949
7594,0.662593260783284
6178,0.20362994909552423
9344,0.5670514620421593
3681,0.8964641065874313
2805,0.8113717636860499
8237,0.2329604146016988
5139,0.6240636882237777
2347,0.2842014499993825
1978,0.17191371147728363
7824,0.4983353689753659
873,0.6955108199635165
2569,0.3113162751068155
4704,0.7561186019711242
6974,0.5631331007996048
4454,0.19372258492968697
35,0.4015247306684178
8231,0.15649386961170686
9280,0.239302307767904
6567,0.2986742846489296
2088,0.9028492524358599
925,0.9264887164921599
9958,0.22220317507639353
5234,0.21478676427618465
7623,0.5268057612691989
6074,0.3514887776391129
8115,0.2530048485234615
10462,0.6512977100446926
5008,0.38741731292856063
1256,0.18823236061830537
5001,0.35118241821811935
6885,0.20961643681569517
7509,0.6304589205038057
6251,0.8318531193263171
7250,0.7118845181090423
9502,0.4480290011843105
267,0.3047100357679604
4109,0.6574314667571656
819,0.14122368171533992
9397,0.6994287355593246
3707,0.4611273463450437
870,0.9179243367137526
10203,0.5028673024055547
9241,0.6928798158703844
5215,0.3429084274743105
982,0.7735494200780291
3878,0.12489934598313968
1847,0.35863616251646135
10457,0.9377501563208095
7811,0.2925529441872449
6205,0.18561097937605714
8311,0.35910795230986325
7657,0.21019284542045297
8174,0.44377341425357464
2119,0.29119012344714795
7893,0.6949562855456743
7754,0.6403241175989015
3684,0.41029259658608924
3585,0.34618439160317904
300,0.24975366155643816
9176,0.9289486717674792
5879,0.9148895655204126
1457,0.8748099088035495
5040,0.41709857976899917
1862,0.3589779146051591
9749,0.9232736255552394
161,0.9292166683628081
6134,0.8330035161559173
4995,0.19861318714884016
54,0.15249231173124886
5125,0.32813382070144764
2032,0.39392741038836065
8210,0.21730564430880778
3816,0.18866027151043704
1769,0.8277300741749476
6156,0.532976950855671
8667,0.8505312815166933
2974,0.37752872339427285
3417,0.20454026693532637
2835,0.47525591656390737
1668,0.9100244127933047
10028,0.33541108761820376
5619,0.32285223863925316
3169,0.669514577053529
9153,0.2764134011189557
8746,0.8618613651138234
8049,0.5245225093924255
10564,0.39389021804206664
8691,0.33239934266873217
2765,0.9645586226193278
52,0.4344675719641343
2663,0.3755508846228189
3014,0.5659308433818536
9453,0.8024571825824297
8078,0.2779946952392981
2356,0.28980106615423434
7595,0.7595752127974023
2195,0.7380100685332975
7633,0.8680812941495256
1259,0.15662152769846008
5214,0.2107524577738503
531,0.3621880692188125
2398,0.407716115964366
5458,0.9232185324843374
2794,0.45521878983780173
153,0.19765185975630983
256,0.6402998960536521
8787,0.39153416095372473
4496,0.7524344908745533
9649,0.2403952912678483
461,0.14621719604692582
502,0.21561415089258915
529,0.15285777385394045
5529,0.4393710821696322
9391,0.9536613700934036
1032,0.6898353800451494
9896,0.2404925272196439
5557,0.6605732409883226
1836,0.19847801839128187
3476,0.23093224312233274
7104,0.22224098550078053
5480,0.4020079921737652
1717,0.430914212579231
1333,0.9367277572238426
1806,0.3114510714785343
8297,0.3301758510937811
2806,0.11499584360563748
3407,0.35345388378768056
10518,0.25948604899408867
6043,0.32477761246643094
8857,0.8072903265835885
8456,0.32853829596194933
427,0.21050304551730506
4028,0.5720266429061012
1988,0.2387597470151364
7354,0.2753791586065436
2393,0.2923343495639292
452,0.539989021093233
5445,0.6662122988496805
7637,0.921551842430566
5486,0.5683513555039893
4175,0.41094892779686654
6068,0.16013146126287722
8968,0.4695489973735214
9384,0.8453061262851269
7470,0.6126916650548137
9319,0.8285675603838183
5817,0.9375412469692708
10294,0.9222986540952659
1313,0.34943436594634736
10181,0.2594274967723271
5269,0.21377369337259083
127,0.23538907856594776
989,0.8360736182544439
10234,0.37743705626624313
4799,0.9156855355316564
3834,0.24899838362056223
9206,0.18389713608931818
4753,0.17005241424598758
4437,0.2548793578145645
3520,0.9253120284300415
10124,0.16100284467041562
1318,0.41912327966569457
2055,0.5175063107427094
690,0.9313362178519875
1294,0.21186092034449333
6522,0.9364044820843631
4453,0.26007379987803936
624,0.18134472048986638
2863,0.8972119318827617
4922,0.29328250894688135
4120,0.2567283251593386
8164,0.3068782416530692
2317,0.24504392846315556
6058,0.15235528341254745
1428,0.6540323822021955
3577,0.5039167006966282
5811,0.8612904973566419
1430,0.6402132173399473
4488,0.3119767549181603
9634,0.9579145337152102
4482,0.861854360689447
4580,0.9160534974375619
2571,0.1281406102503485
10499,0.9181708540164694
3932,0.25418881579980745
377,0.7859189786361857
5851,0.25272048062883207
6384,0.9071814327678674
6470,0.25848912793704903
8505,0.253737608070058
4268,0.5989015579159543
10397,0.3372268609291326
4309,0.13313108117917247
1949,0.5723127015217331
2097,0.36785511472607985
9709,0.4279573999838835
4936,0.4571300686925382
4033,0.2847229107976013
3828,0.5035560498533417
8862,0.1449854414624529
374,0.5300706795799011
401,0.9171219756859573
10015,0.8739632143431303
7613,0.2151489425737444
4397,0.7687262573360694
2329,0.7660157574924277
4733,0.9105367586379941
1552,0.37246700677994793
2486,0.8541776399532609
940,0.3922091130583592
7118,0.9214195736768039
8060,0.8770328796394502
1550,0.2253287989062654
6202,0.22710186915178024
8980,0.9080396679411066
8162,0.9153275243100296
10066,0.1307468473792933
7981,0.6264870577850781
7336,0.9630177011959501
6277,0.36260441199885846
1670,0.8504105713113855
6007,0.30697568870144987
7832,0.5749378817262595
2612,0.20753097944206292
8320,0.9675035134334057
1779,0.9616683725700711
6107,0.1542503470116738
2537,0.9397927393083688
2726,0.8521049126543255
8717,0.48933661083945007
2201,0.2435534358352911
6276,0.2717977257233179
3293,0.25673845537813916
7907,0.7978981432110234
7321,0.24771705075986336
840,0.35444888986572143
1081,0.21368438127204925
8289,0.8233643301354936
343,0.27100190483285247
8184,0.19975583084326867
7166,0.9034184918080511
8805,0.9572521360893607
9407,0.3111683415498586
5573,0.28496409844678217
9330,0.8965467313743867
2215,0.8751313784164654
4105,0.20383197113821613
7699,0.18731365721554463
5850,0.2527051253945436
10228,0.8771985151886653
638,0.5196457844173088
5633,0.3182270769978215
5919,0.3274961523716626
4573,0.28554206917673514
7164,0.4056810598778703
5093,0.8526775674176122
9815,0.6377366774125673
8411,0.908481893666743
8955,0.9453322593907062
9556,0.4340428216244826
7349,0.4978187008800453
8436,0.9688378991033858
2631,0.96405834849929
2739,0.9273792981812017
3930,0.44247000843926193
6833,0.35786142399427096
9186,0.9449960128280994
3150,0.20056798070614518
8328,0.7306971822254463
4006,0.7921183905225849
3065,0.28028718834213706
3305,0.14503088748337234
2506,0.14088271819892279
9737,0.8762846454857375
5178,0.16214058511657795
9452,0.380222148258292
10111,0.6350830159138267
1652,0.27765215885543854
10134,0.6619099886210906
7247,0.2495047739821489
4363,0.9175840310115273
1712,0.9289438061038335
4232,0.23330053131712122
5626,0.18222565203269014
3049,0.8730010324791884
5397,0.20904122558768343
8637,0.20329183985064747
8785,0.3024200295166676
4438,0.8511757684760374
1410,0.20538818080523716
6902,0.275208701376241
187,0.2671135973378104
3883,0.5643799643222325
3988,0.8686504404553406
5620,0.31939946788714574
2904,0.22015505109561503
3926,0.1661683695235703
9020,0.27101206677088086
2947,0.4088309525160032
2364,0.9029714096125667
5291,0.9194930703543145
7078,0.19715072421620175
4477,0.0985355724524726
4333,0.7890390398610654
9247,0.3663342786477645
6957,0.2224491963074408
7281,0.312421284724632
4012,0.5749242255722188
975,0.9303606760395724
8037,0.7042098208751661
10408,0.9355622844785374
2900,0.594713687763895
6457,0.7028395770178631
9292,0.5607491823595118
2115,0.35281756411475484
9001,0.7872932763392578
8981,0.29542947268874203
6085,0.33320829602006735
49,0.3016785721194539
210,0.16984619374566473
1607,0.34907680444407746
5256,0.30029688990707876
3170,0.9437491710188856
147,0.7379325592096907
7627,0.8448344650697482
83,0.3032018494587034
3686,0.2810944259397966
5133,0.6025101809595261
935,0.11633125722777188
2875,0.44795485938951984
7277,0.2769723236109631
55,0.9092940842375591
1253,0.343508996186517
3406,0.6920393148061981
2474,0.8886417608581213
8451,0.13525938994896627
7301,0.8914392352594317
8466,0.27188631182478323
7499,0.8135755681871644
4926,0.9403845259376563
9033,0.3433199906917911
3999,0.15846384513866074
1017,0.19027079411995254
947,0.7988846313359814
7798,0.41557251244763915
6280,0.22122741302006205
6393,0.34282211022380576
8056,0.17074017739119923
9003,0.26811369585558903
4481,0.20590028101103508
5134,0.3703684167457018
4804,0.5092286726047476
34,0.3482059437717845
5659,0.9165130249482402
4519,0.20097415743285882
6272,0.9090864553788355
765,0.23398863519689228
3752,0.40661187679085303
1753,0.3749340717259526
2123,0.160932587847602
1802,0.30520863787998737
7678,0.5739082686412362
4547,0.2628538587211108
3793,0.19478119616756404
7453,0.36501002271748967
5330,0.38488837363048706
4093,0.6797364645195552
2362,0.41683393692639115
7116,0.2544787729102189
3135,0.684632746915509
10536,0.17524941903559293
8484,0.21058098702982075
9002,0.4245048192849881
10204,0.3178794563287452
7570,0.23958381409305282
1275,0.9599831153406335
3630,0.19794444571363706
9096,0.2536688575542661
3475,0.15024894790703844
4818,0.5133745560544424
2019,0.3034183754053562
10402,0.19428986624607353
643,0.6094599893756268
9927,0.1598979057889809
2827,0.11204809451779417
288,0.36408558777186834
7886,0.8297297655353161
6584,0.9134606433114594
5554,0.9071024301336962
6329,0.2562184306549374
1233,0.4711572626698163
2541,0.2090227593738146
1150,0.2481632021887852
8459,0.7636030530115612
1814,0.14176040373632398
5564,0.3188045074192244
4306,0.6337029999070103
2144,0.22942983161678154
9792,0.19032629042970492
4634,0.25334863927052514
10084,0.2356062460689216
9847,0.15828729721290985
8510,0.3953690241974842
8921,0.5304427013360365
2509,0.8801059659168747
2111,0.6026727470604777
7505,0.46004570001345363
556,0.2343503610029583
9596,0.9552091222648964
1863,0.20716115712304606
8172,0.17912271827289386
8404,0.9481072742445178
3607,0.4555794340718729
7802,0.43150899905666773
3503,0.27838883697107314
5624,0.31953555751438234
331,0.918867198941835
542,0.9630866332046251
9705,0.20087590615131234
3592,0.38899417872134834
5018,0.4117859372604331
5800,0.9545870369025792
8651,0.21457300607323218
7600,0.2285638913695775
9509,0.11375903354974476
5431,0.3961843436109581
7454,0.17033563162155715
8106,0.16684061591254934
3137,0.7332080747243719
702,0.553823909097363
6287,0.5638680798243262
5657,0.23214463571374705
8027,0.3210810869768068
5350,0.1852578689022564
30,0.6707518298559642
2677,0.49944414398527
3898,0.32364162320096
9451,0.9478847732143167
9949,0.4807452685974768
8074,0.23494386263043143
6618,0.7798408504158483
8351,0.12923644807417986
7861,0.853574247489518
8914,0.5385976409541733
9820,0.44177787635362975
9148,0.871855842086438
1334,0.2011461689957189
1684,0.46193661895882515
6414,0.22304271726834915
6967,0.4396909457892477
1726,0.4393773179799732
9178,0.28948223331312617
6642,0.19627931851562933
1024,0.80652852291892
6437,0.2696841848310105
7042,0.8545143220634184
5319,0.2769552288072885
4594,0.48357407728440915
3702,0.7491881091715366
4882,0.737957000767205
4243,0.49575077972034187
4750,0.18984250771140443
5735,0.6639453816077446
1432,0.3297990367260184
7576,0.948284633129901
7455,0.3626283136066502
5563,0.2608343067198856
2291,0.9281012930819519
5386,0.311814363960835
8490,0.1763330006286898
2357,0.20260206871005823
5473,0.9086791414193522
7091,0.8668267116654225
2464,0.2985925588005817
2801,0.791744161629353
6604,0.6739247196729917
2122,0.6585818833199162
4320,0.922608766093387
1841,0.8250717077989457
8129,0.2548343177431317
3149,0.294515362679352
10525,0.9364928482632745
1869,0.229219183386237
8664,0.14764194430414876
1941,0.37752514859343994
5216,0.4989354325462051
7993,0.18228305649932702
7327,0.27499394361895824
4076,0.2976491902715595
6544,0.34125512185313633
3300,0.42817373864978703
9139,0.6659841716025966
6761,0.9320265339000362
2220,0.18245214114488972
5661,0.3164832575840132
1676,0.2583316674157219
1572,0.8679212149953751
9545,0.25931661317774124
212,0.7904409703912919
2498,0.18425410622801097
5758,0.3265561383569994
241,0.9245866170567172
7872,0.6475096909678946
10546,0.20210694482938357
9615,0.5830992777212046
882,0.2709915271678692
5753,0.21087516397897638
547,0.32390350484462144
10275,0.17746489444677846
7686,0.8659872033949801
6508,0.8972639350871682
4296,0.780097610780723
6625,0.6981140290412164
404,0.12321802039955589
1289,0.3089755244449247
5239,0.4877760984541697
10261,0.6639821504517678
2649,0.18035779485449877
9886,0.9058687879145138
5341,0.2766764011331134
869,0.6398315142634179
5533,0.8222959153295071
1560,0.9262574675582897
9892,0.35782228701586466
1933,0.19459664867450704
5885,0.15966638827154694
7833,0.20576795354664756
7296,0.10407905622830638
7373,0.8373161360741002
8983,0.2661905422082652
5842,0.43152581438675414
2194,0.32217097016516927
132,0.43243059953843277
2659,0.6426181073043874
7896,0.31565125323941035
7887,0.5806051931579872
5745,0.9242518291461619
2409,0.8657734704010213
2253,0.8656975587022128
1434,0.7123616290506294
6946,0.1345012666312084
6510,0.5839533552482272
6982,0.24874156722980517
8999,0.3012082643019577
5170,0.33761393724817923
10158,0.16739514050212445
234,0.35977499690641285
9034,0.682788245870442
3801,0.9130215279628895
3887,0.7728248865551451
10361,0.5469484918243492
5385,0.9392840705979589
6575,0.8604395163875359
3560,0.1868710293465722
2112,0.6102605679688051
4307,0.5311783332378608
8704,0.8404396675055786
10476,0.6947173825130997
4637,0.31158424640766175
2953,0.9396883811916698
1320,0.9725829662437682
3264,0.4872953488546693
7904,0.9527203326628446
9144,0.9573845716353
4494,0.8567442960567234
4819,0.8320000405657105
3781,0.32747247620330633
3459,0.3943142775249519
5681,0.45801076526201545
6507,0.4708452691056264
3722,0.8678278838949033
398,0.22100413299612445
9377,0.5390528340658378
978,0.6217830563270417
3104,0.9689538584309383
2693,0.3342354404330454
3803,0.7419287643824893
9533,0.8906697002139278
1173,0.5312936167415032
10307,0.7708016603686559
10326,0.26570079007439035
5113,0.3361080798968596
1116,0.538949255450768
10452,0.8749217227621175
8013,0.3129091344098024
6491,0.14142819180588634
9906,0.9474902084409571
7531,0.5529683494534295
102,0.2564928764977073
5233,0.9036595060378523
1661,0.934443941485476
8280,0.3104243675417335
1000,0.7600969262122413
3743,0.8533206123241501
1501,0.9157663566566917
3809,0.4574011512663215
8647,0.873843128470716
1959,0.20407993397182578
1690,0.24352156337772632
5498,0.5787281769395838
837,0.2602476929846304
8788,0.8679198398163209
4114,0.74133813560563
1413,0.5828685669703699
6836,0.924399815946556
4240,0.38964197906164316
1908,0.907696206480985
5750,0.3768231577809175
10087,0.26235938409268467
2680,0.5238978710077697
4323,0.6515255862631429
4439,0.9329647438109008
8517,0.37285944268319093
933,0.7925707371661516
33,0.9090560140326597
4295,0.20004128619323308
3258,0.44254057501443705
7497,0.24758631192589076
9276,0.3078673870444749
9811,0.3615456431150832
3833,0.36468846813875266
7682,0.2190135484726257
1748,0.27515638040912144
3693,0.3307958839077074
3608,0.46110094241349253
10230,0.27636198754852487
5468,0.16683329033168923
10464,0.9616646476780997
6932,0.3523693407697265
3616,0.4657779837889786
9603,0.9363865263531911
10394,0.7544264832466888
5509,0.7410227656047272
3731,0.9344709555364237
5827,0.21939829133069047
10527,0.9621998644764547
7004,0.8882475790820366
3210,0.7504012441442579
59,0.9321599104634626
2660,0.9660370556115963
1909,0.3934419368178033
8569,0.9359740842562576
2862,0.1966632061467332
5966,0.445668042306121
2639,0.21944077505536796
6838,0.8461938310603352
9527,0.31328468162060197
5345,0.9058595617069384
7702,0.7054823318560145
3242,0.24756990950596078
6516,0.2903351887749947
10412,0.2659141290583027
8213,0.3162042389101656
2598,0.9675158040907318
6193,0.27022146401722685
9593,0.8973158582759038
6646,0.8853288271548555
5388,0.48194871494603353
6413,0.5774661372718161
1540,0.2637999983926788
8660,0.22982106435013325
2999,0.4291393021304203
3194,0.25382865592959
9437,0.8917384588697176
9473,0.4336987531868067
877,0.2489976599402677
9640,0.38964197906164316
4434,0.3824089654142649
8385,0.5372575271746185
2542,0.20878973734805342
3281,0.35690959754868956
7820,0.35590351451475155
1418,0.9827033944522837
6079,0.57550874830542
3685,0.23031331832883883
9361,0.15360479625510282
3364,0.7531567957306436
7495,0.4139014969069287
8226,0.7043868560468107
8043,0.41361637957597186
9924,0.14299996422463118
6018,0.32457084054729834
3,0.6648839245957281
4592,0.3048021667343478
10125,0.46895787036596637
8900,0.34981917356424835
7028,0.9623432437585374
3419,0.5137604139717253
5514,0.3887169530268814
2770,0.31841905248006735
5007,0.8081835313419476
1931,0.3002382610450502
9768,0.3692714660529113
3337,0.3338383437004803
703,0.2369150699919434
6685,0.2916713527381479
6064,0.2636208106803287
1881,0.26014494967286006
4842,0.5846256617897796
8432,0.26766206935706216
3569,0.3421324258260777
9797,0.2987032907246146
2829,0.1585378832660755
3739,0.3002855457913808
2128,0.4627471948570027
2372,0.4201146641985057
3354,0.2459998782016166
3321,0.8565047517877711
8532,0.9384514437694891
1800,0.5536067666055358
2560,0.21894460536061858
3936,0.8195885727588563
2588,0.45574177634078655
4890,0.9831645234432305
8912,0.9079035080383873
6192,0.18539135893062844
8658,0.1465691704668493
5272,0.399380463156054
10404,0.8037781575706591
2299,0.2690533623129824
9419,0.23943594041809774
3018,0.47075643469065737
8642,0.8149057392248487
6594,0.1936364358976464
8852,0.24736913569155694
9212,0.3094589432243946
7081,0.9489297697844642
8469,0.23122585197745077
1372,0.22363723398020285
2514,0.18997334914509137
2311,0.2680708245360351
5548,0.3049813596937357
9024,0.4774547636180388
10324,0.14885551173100464
7735,0.15885750959743736
1488,0.8961177614061526
9130,0.9215413661887805
2307,0.9526945113279632
2374,0.20077449003954545
10519,0.886326854585026
10264,0.7327229628884961
9908,0.31690519121689453
1073,0.37137519444716
118,0.8381482424712193
8884,0.24167311039528636
242,0.1295202648958694
6300,0.42797727663654317
5422,0.5026747065113254
899,0.5758500057444532
773,0.27514825491560124
70,0.9161142344445315
9249,0.26347388753645584
8847,0.42382333061104926
432,0.17082346201687348
468,0.907023934918143
7830,0.7152171871941944
4642,0.5066476665127168
1782,0.9211916387433834
8683,0.44145769558533166
8551,0.27279872045043896
5224,0.3728485093852242
922,0.4786291740096982
757,0.9485953427074849
1101,0.20794128612240187
6804,0.15647074142041623
9266,0.9401945077989895
6487,0.27502954221341175
5627,0.2620927822626401
4972,0.826835518960753
3596,0.8804503769267009
1420,0.5986488545043192
10209,0.551607186666946
8629,0.7865105616702587
3147,0.878847594626333
9821,0.9169757566854142
10377,0.3249052883287635
456,0.23067087865755767
9887,0.46527943493707097
8864,0.49046427681689625
5665,0.28614431170178917
1764,0.16572941896237806
9198,0.9348497876798973
7536,0.5290515445615301
991,0.9001175525396266
1537,0.4416038873674779
3450,0.9138805347188215
5663,0.868519181019219
4221,0.34053354827640353
3350,0.26489347577800876
943,0.2450229866657273
3203,0.459203754532865
1144,0.3215193202147619
2334,0.9543170853874076
7074,0.9416501153486793
10071,0.6250339987623771
7540,0.8908853019240183
4143,0.2935769786955808
6643,0.4207783844610676
1067,0.13275838723533973
6356,0.8205578500455973
8133,0.2072526108073555
108,0.31570123896112456
308,0.4490800536356684
7432,0.3436993848767462
2652,0.751033178961974
4740,0.9441891963016124
7048,0.21496788131149036
490,0.1813496359550709
6808,0.24976391296587497
7990,0.2994217475138351
4460,0.14779280962057714
6803,0.9097327560032684
2414,0.26871616718230196
8085,0.31085745022925887
2031,0.8858891883936529
8476,0.7782394515084631
9840,0.9620110011199047
2853,0.30371719663384183
8114,0.6092965620016394
6245,0.9340997809025986
8918,0.31949246280108207
2621,0.41517743385261563
5344,0.5464865659891485
3775,0.14740657501648724
631,0.3470744508595547
10481,0.2866935235963374
8188,0.9419276436209266
9830,0.8797798484742126
5426,0.42055211569875434
6688,0.6662732236127064
4132,0.7879560783380595
588,0.6492384276832731
5600,0.3589494979684172
4743,0.31922649978049106
8711,0.22444899128914203
6039,0.2706222823146489
4576,0.5254785809702451
6941,0.28141241608599427
10202,0.4455801099304225
6632,0.45009586499676074
1079,0.4774796858676517
9642,0.4597747516846813
5401,0.3464295718940386
600,0.23028136592368262
4873,0.33573046942607526
5558,0.19918513037263194
483,0.1814782475292161
10378,0.938810563691771
9004,0.17883903393682918
2809,0.9330345203040106
9542,0.8938385004844004
3215,0.15261615328903286
6924,0.3078593020418055
7213,0.8519022570013778
3105,0.9103164071336359
9771,0.8594301717550961
632,0.8371497857687732
3232,0.7244124999536373
1543,0.32496189433151695
2164,0.862921433589701
4559,0.22346109460269645
9530,0.36418643586440347
2033,0.41399207423825723
2842,0.2833382908642817
4186,0.179268243301724
4078,0.21859228039930503
8093,0.8748839778843707
7286,0.6882218297411552
7044,0.8583737232744706
9234,0.47868108648186314
8536,0.2345670418843468
307,0.9167037027881562
4382,0.9147895010385169
1350,0.18723949175534702
4632,0.7123650780496268
5639,0.36624905927409745
6445,0.32762057563211566
10511,0.13813758071630497
8601,0.21885022801338685
137,0.49871190259856013
2298,0.8804599845259138
8978,0.19064964854620534
7218,0.16882177812165025
856,0.41976415202973655
736,0.22701693833512185
7719,0.16305165568134286
3177,0.4046014161983864
2564,0.8254653912092056
3123,0.8104464982293238
4827,0.4972952902920329
6386,0.17130697554596808
708,0.8100550927403172
1414,0.9649234065770534
7190,0.6721072997944071
10298,0.3930420409078379
838,0.7758654306618796
10145,0.8925704121873494
3071,0.7789108515411299
5329,0.22529508177497978
462,0.5854568048014926
9809,0.25252243531880497
7279,0.8957387029632826
2707,0.1844775276524858
3671,0.7905639393969747
516,0.9576726024043748
10395,0.24207165166211653
8167,0.38171303244793614
2138,0.516609346386384
5192,0.1547415151484572
1377,0.1818905800255499
1390,0.19570268044217387
1244,0.20611355749558855
8424,0.26511552143683537
205,0.23414839487994898
9592,0.571020995606635
116,0.469897120829157
8306,0.2819706177206677
7649,0.9196441354221206
9560,0.7815270118022044
2102,0.19735830027849274
10490,0.39509057708344963
97,0.5939262452907975
7618,0.39563382954343984
9413,0.18945202071914297
6148,0.7415323849925233
7147,0.9439963838768042
2430,0.9505945111039195
7539,0.9238739601952368
7475,0.7652976188225667
7796,0.9351981734281253
1582,0.5164212265019298
8454,0.19007993383251878
3164,0.26396760656206814
2375,0.9428163518949567
980,0.25651646919107185
10233,0.26710565208672965
2271,0.509389280561384
7843,0.20502307399861489
6165,0.8362455224949739
3449,0.7943044338439516
8757,0.6586616460006328
9757,0.9381326448374415
6925,0.7297280144125567
6191,0.5260253372352356
6985,0.2676482460316299
9064,0.19803026265718854
2691,0.9458974519696723
657,0.3225524490886568
858,0.21349309625739488
6677,0.8767343317577363
642,0.4280613714432824
2627,0.301153761754242
1569,0.8577300235376102
3674,0.1905205501714426
10095,0.38090847713993914
7423,0.32982906276325885
4993,0.2186185947033818
4983,0.18809507509484297
7070,0.9075234315708669
700,0.8685860337933974
2447,0.2574832591401621
2380,0.8942379509234732
8418,0.5999331276684791
1288,0.1879893840125701
9400,0.11407882751018303
8530,0.18576089083951736
784,0.16853011106387022
2969,0.34844895687017
892,0.9177783937589258
5679,0.32538726181506805
4650,0.28737014512813325
994,0.9303716427016602
9751,0.7274044595684377
9462,0.18308168554135626
4958,0.9233709467823226
506,0.7001097943899846
4631,0.2041266346107693
4321,0.2519303929861241
5617,0.5072787221185961
7571,0.878344707943745
6873,0.3577030695887653
7964,0.21022313566347187
4567,0.38147132827846536
7429,0.9248972096376169
3615,0.24110180828451722
8744,0.11694885649277804
1142,0.20029214821740593
6189,0.2147854535385304
3411,0.41754121784676596
9133,0.31869231377763424
5806,0.42336591038768984
2385,0.34452673409732515
801,0.7569575658247432
4672,0.27992015086203254
6530,0.6124149982575116
260,0.2882552505789451
6624,0.674630864460379
2001,0.6304056717338917
8403,0.7210896920274511
4935,0.31072045996288594
7264,0.7596000789743267
9714,0.9241727671026329
5903,0.7702020722145685
3176,0.724967426245122
7441,0.8247454646408456
